,1789_Washington_Inaugural_Address,1793_Washington_Inaugural_Address,1801_Jefferson_Inaugural_Address,1805_Jefferson_Inaugural_Address,1809_Madison_Inaugural_Address,1813_Madison_Inaugural_Address,1817_Monroe_Inaugural_Address,1821_Monroe_Inaugural_Address,1825_Adams_Inaugural_Address,1829_Jackson_Inaugural_Address,1833_Jackson_Inaugural_Address,1837_Buren_Inaugural_Address,1841_Harrison_Inaugural_Address,1841_Tyler_Address_Upon_Assuming_the_Office,1845_Polk_Inaugural_Address,1849_Taylor_Inaugural_Address,1853_Pierce_Inaugural_Address,1857_Buchanan_Inaugural_Address,1861_Lincoln_Inaugural_Address,1865_Johnson_Address_Upon_Assuming_the_Office,1865_Lincoln_Inaugural_Address,1869_Grant_Inaugural_Address,1873_Grant_Inaugural_Address,1877_Hayes_Inaugural_Address,1881_Arthur_Address_Upon_Assuming_the_Office,1881_Garfield_Inaugural_Address,1885_Cleveland_Inaugural_Address,1889_Harrison_Inaugural_Address,1893_Cleveland_Inaugural_Address,1897_McKinley_Inaugural_Address,1901_McKinley_Inaugural_Address,1905_Roosevelt_Inaugural_Address,1909_Taft_Inaugural_Address,1913_Wilson_Inaugural_Address,1917_Wilson_Inaugural_Address,1921_Harding_Inaugural_Address,1925_Coolidge_Inaugural_Address,1929_Hoover_Inaugural_Address,1933_Roosevelt_Inaugural_Address,1937_Roosevelt_Inaugural_Address,1941_Roosevelt_Third_Inaugural_Address,1945_Roosevelt_Inaugural_Address,1949_Truman_Inaugural_Address,1953_Eisenhower_Inaugural_Address,1957_Eisenhower_Second_Inaugural_Address,1961_Kennedy_Inaugural_Address,1965_Johnson_The_President,1969_Nixon_Inaugural_Address,1973_Nixon_Oath_of_Office_and_Second,1977_Carter_Inaugural_Address,1981_Reagan_Inaugural_Address,1985_Reagan_Inaugural_Address,1989_Bush_Inaugural_Address,1993_Clinton_Inaugural_Address,1997_Clinton_Inaugural_Address,2001_Bush_Inaugural_Address,2005_Bush_Inaugural_Address,2009_Obama_Inaugural_Address,2013_Obama_Inaugural_Address,2017_Trump_Inaugural_Address,2021_Biden_Inaugural_Address
date,1789-04-30,1793-03-04,1801-03-04,1805-03-04,1809-03-04,1813-03-04,1817-03-04,1821-03-04,1825-03-04,1829-03-04,1833-03-04,1837-03-04,1841-03-04,1841-04-09,1845-03-04,1849-03-05,1853-03-04,1857-03-04,1861-03-04,1865-04-17,1865-03-04,1869-03-04,1873-03-04,1877-03-05,1881-09-22,1881-03-04,1885-03-04,1889-03-04,1893-03-04,1897-03-04,1901-03-04,1905-03-04,1909-03-04,1913-03-04,1917-03-05,1921-03-04,1925-03-04,1929-03-04,1933-03-04,1937-01-20,1941-01-20,1945-01-20,1949-01-20,1953-01-20,1957-01-21,1961-01-20,1965-01-20,1969-01-20,1973-01-20,1977-01-20,1981-01-20,1985-01-21,1989-01-20,1993-01-20,1997-01-20,2001-01-20,2005-01-20,2009-01-20,2013-01-21,2017-01-20,2021-01-20
pres_name,George Washington,George Washington,Thomas Jefferson,Thomas Jefferson,James Madison,James Madison,James Monroe,James Monroe,John Quincy Adams,Andrew Jackson,Andrew Jackson,Martin van Buren,William Henry Harrison,John Tyler,James K. Polk,Zachary Taylor,Franklin Pierce,James Buchanan,Abraham Lincoln,Andrew Johnson,Abraham Lincoln,Ulysses S. Grant,Ulysses S. Grant,Rutherford B. Hayes,Chester A. Arthur,James A. Garfield,Grover Cleveland,Benjamin Harrison,Grover Cleveland,William McKinley,William McKinley,Theodore Roosevelt,William Howard Taft,Woodrow Wilson,Woodrow Wilson,Warren G. Harding,Calvin Coolidge,Herbert Hoover,Franklin D. Roosevelt,Franklin D. Roosevelt,Franklin D. Roosevelt,Franklin D. Roosevelt,Harry S. Truman,Dwight D. Eisenhower,Dwight D. Eisenhower,John F. Kennedy,Lyndon B. Johnson,Richard Nixon,Richard Nixon,Jimmy Carter,Ronald Reagan,Ronald Reagan,George Bush,William J. Clinton,William J. Clinton,George W. Bush,George W. Bush,Barack Obama,Barack Obama,Donald J. Trump,Joseph R. Biden
byline,1st President of the United States: 1789 ‐ 1797,1st President of the United States: 1789 ‐ 1797,3rd President of the United States: 1801 ‐ 1809,3rd President of the United States: 1801 ‐ 1809,4th President of the United States: 1809 ‐ 1817,4th President of the United States: 1809 ‐ 1817,5th President of the United States: 1817 ‐ 1825,5th President of the United States: 1817 ‐ 1825,6th President of the United States: 1825 ‐ 1829,7th President of the United States: 1829 ‐ 1837,7th President of the United States: 1829 ‐ 1837,8th President of the United States: 1837 ‐ 1841,9th President of the United States: 1841 ‐ 1841,10th President of the United States: 1841 ‐ 1845,11th President of the United States: 1845 ‐ 1849,12th President of the United States: 1849 ‐ 1850,14th President of the United States: 1853 ‐ 1857,15th President of the United States: 1857 ‐ 1861,16th President of the United States: 1861 ‐ 1865,17th President of the United States: 1865 ‐ 1869,16th President of the United States: 1861 ‐ 1865,18th President of the United States: 1869 ‐ 1877,18th President of the United States: 1869 ‐ 1877,19th President of the United States: 1877 ‐ 1881,21st President of the United States: 1881 ‐ 1885,20th President of the United States: 1881 ‐ 1881,22nd President of the United States: 1885 ‐ 1889,23rd President of the United States: 1889 ‐ 1893,24th President of the United States: 1893 ‐ 1897,25th President of the United States: 1897 ‐ 1901,25th President of the United States: 1897 ‐ 1901,26th President of the United States: 1901 ‐ 1909,27th President of the United States: 1909 ‐ 1913,28th President of the United States: 1913 ‐ 1921,28th President of the United States: 1913 ‐ 1921,29th President of the United States: 1921 ‐ 1923,30th President of the United States: 1923 ‐ 1929,31st President of the United States: 1929 ‐ 1933,32nd President of the United States: 1933 ‐ 1945,32nd President of the United States: 1933 ‐ 1945,32nd President of the United States: 1933 ‐ 1945,32nd President of the United States: 1933 ‐ 1945,33rd President of the United States: 1945 ‐ 1953,34th President of the United States: 1953 ‐ 1961,34th President of the United States: 1953 ‐ 1961,35th President of the United States: 1961 ‐ 1963,36th President of the United States: 1963 ‐ 1969,37th President of the United States: 1969 ‐ 1974,37th President of the United States: 1969 ‐ 1974,39th President of the United States: 1977 ‐ 1981,40th President of the United States: 1981 ‐ 1989,40th President of the United States: 1981 ‐ 1989,41st President of the United States: 1989 ‐ 1993,42nd President of the United States: 1993 ‐ 2001,42nd President of the United States: 1993 ‐ 2001,43rd President of the United States: 2001 ‐ 2009,43rd President of the United States: 2001 ‐ 2009,44th President of the United States: 2009 ‐ 2017,44th President of the United States: 2009 ‐ 2017,45th President of the United States: 2017 ‐ 2021,46th President of the United States: 2021 ‐ present
title,Inaugural Address,Inaugural Address,Inaugural Address,Inaugural Address,Inaugural Address,Inaugural Address,Inaugural Address,Inaugural Address,Inaugural Address,Inaugural Address,Inaugural Address,Inaugural Address,Inaugural Address,Address Upon Assuming the Office of President of the United States,Inaugural Address,Inaugural Address,Inaugural Address,Inaugural Address,Inaugural Address,Address Upon Assuming the Office of President of the United States,Inaugural Address,Inaugural Address,Inaugural Address,Inaugural Address,Address Upon Assuming the Office of President of the United States,Inaugural Address,Inaugural Address,Inaugural Address,Inaugural Address,Inaugural Address,Inaugural Address,Inaugural Address,Inaugural Address,Inaugural Address,Inaugural Address,Inaugural Address,Inaugural Address,Inaugural Address.,Inaugural Address,Inaugural Address.,Third Inaugural Address.,Inaugural Address.,Inaugural Address.,Inaugural Address,Second Inaugural Address,Inaugural Address,The President's Inaugural Address,Inaugural Address,Oath of Office and Second Inaugural Address.,Inaugural Address,Inaugural Address,Inaugural Address,Inaugural Address,Inaugural Address,Inaugural Address,Inaugural Address,Inaugural Address,Inaugural Address,Inaugural Address,Inaugural Address,Inaugural Address
benepar_analysis_time,0.004773699999987002,0.00290909999989708,0.0014254000000164524,0.004662499999994907,0.004347399999915069,0.0017710000001898152,0.0026776000001973443,0.002147799999875133,0.0033073999998123327,0.0025628999999298685,0.0028485999998792977,0.0011514000000261149,0.002320100000133607,0.0008923000000322645,0.003095499999972162,0.0038354000000708766,0.0029500000000552973,0.0017967000001135602,0.0040117999999438325,0.0035932999999204185,0.006253499999957057,0.0042955999999776395,0.009916200000134268,0.010383100000126433,0.003415099999983795,0.003822700000000623,0.0024243999998816435,0.002506000000039421,0.0024289000000408123,0.0015475999998670886,0.0017015999999330234,0.003428499999927226,0.0026754000000437372,0.0011415000001306908,0.005949099999952523,0.000956600000108665,0.0011750000001029548,0.0016322999999829335,0.0009022000001550623,0.0023889999999937572,0.001270100000056118,0.00234020000016244,0.0012744999999085849,0.0008438999998361396,0.0010397000000921253,0.0022053000000141765,0.001927499999965221,0.0023690000000442524,0.003371000000015556,0.0009998999998970248,0.001037199999927907,0.0011546000000635104,0.0008105000001705776,0.0008881999999630352,0.001425299999937124,0.0012756000000990753,0.0011031999999886466,0.0009902000001602573,0.0013446000000385538,0.0005717999997614243,0.0008726999999453255
spacy_analysis_time,0.318170599999803,0.164703099999997,0.06006559999991623,0.27336319999994885,0.17261200000007193,0.1008839999999509,0.17216710000002422,0.11364770000000135,0.20804590000011558,0.13043040000002293,0.17699519999996483,0.033091900000044916,0.10603839999998854,0.017357200000105877,0.184775400000035,0.17476250000004256,0.1823524000001271,0.08198060000017904,0.23998759999994945,0.21269399999982852,0.36819130000003497,0.2433371999998144,0.38096199999995406,0.6165081999999984,0.13110040000015033,0.12542599999983395,0.14096380000000863,0.13876789999994799,0.19593510000004244,0.06491550000009738,0.0605771000000459,0.29690670000013597,0.14444810000009056,0.038293999999950756,0.15288809999992736,0.014284500000030675,0.022957699999778924,0.043161399999917194,0.017961700000114433,0.09298149999995076,0.037731800000074145,0.10016479999990224,0.06759999999985666,0.01548969999998917,0.008655200000021068,0.10160960000007435,0.09625600000003942,0.13452589999997144,0.07694319999995969,0.008413999999902444,0.010080399999878864,0.01869659999988471,0.03504580000003443,0.011678899999878922,0.04513589999987744,0.021211600000015096,0.04868310000006204,0.0358077000000776,0.06703010000001086,0.01199929999984306,0.011718199999904755
tree_edit_distance_time,7.302310300000045,0.23265330000003814,5.677395700000034,8.086498099999972,5.165614800000185,2.938474900000074,7.385514700000158,11.449256500000047,10.854135900000074,3.495703800000001,3.562741099999812,10.168351299999813,24.65320299999985,4.6948632000001,10.732441799999833,3.5062061000000995,7.578066999999919,12.811668900000086,17.748322599999938,1.2578758000001926,3.748375800000076,5.876978599999802,7.472909099999924,18.981380599999966,0.7952393000000484,6.1457834000000275,4.644204499999887,8.944341500000064,5.0001422999998795,8.920291099999986,4.509005099999968,2.061459399999876,13.795222500000136,3.5222581000000446,3.4716404999999213,6.141167900000028,6.274371599999995,6.101847800000087,3.266261600000007,2.6536469000000125,2.026416299999937,1.0721584999998868,3.0658458000000337,3.634894599999825,2.1668518000001313,3.0330754999999954,1.8883746000001338,3.7697963999999047,4.409881400000131,2.190468100000089,3.877953499999876,4.4494150999998965,2.776040399999829,2.2402395999999953,2.958121500000061,2.0230411000000004,3.164923900000076,3.630172399999992,4.091588100000081,1.7904303999998774,3.16926710000007
total_file_analysis_time,14.140672799999948,0.9333243999999468,13.07836629999997,16.941121600000088,10.867201700000123,7.878364600000168,21.64559639999993,30.87692979999997,23.048066999999946,7.8697243999999955,8.22324669999989,25.18446959999983,56.577706400000125,11.351338299999952,29.18064389999995,8.084153599999809,19.96765479999999,24.327198299999964,49.25275779999993,4.984916999999996,10.318333799999891,15.68405040000016,19.3512432,41.64010660000008,5.242270899999994,18.704613999999992,12.410001100000045,28.030953300000192,13.95354650000013,24.848297499999944,14.905922200000077,7.642413300000044,36.7891924999999,10.577040699999998,10.421771799999988,20.75352359999988,23.20401340000012,24.332683799999813,10.588745700000118,9.70067210000002,8.032892899999979,3.7831805999999233,13.338650800000096,13.551548800000091,8.855932200000098,8.777982500000007,8.568575200000168,12.395066799999995,12.701943899999833,8.288900099999864,13.809429799999862,16.310069799999837,12.668531799999982,8.517717500000117,11.213981599999897,8.612718099999938,11.655678800000032,12.880416300000206,12.52708789999997,8.030929500000184,12.952048399999967
num_tokens,1546,147,1938,2390,1266,1305,3699,4911,3156,1214,1275,4181,9176,1816,5233,1184,3662,3106,4052,393,784,1238,1477,2724,476,3239,1828,4747,2144,4381,2457,1093,5846,1903,1652,3756,4444,4209,2073,2023,1552,640,2524,2761,1902,1539,1712,2421,2052,1379,2799,2950,2684,1832,2443,1819,2327,2708,2361,1684,3052
num_sentences,23,4,41,45,21,33,123,131,76,25,31,98,214,43,153,22,106,89,138,17,27,40,43,59,14,111,45,157,58,131,100,33,159,68,59,150,197,177,86,97,70,26,118,126,92,53,98,105,70,54,128,126,148,92,110,96,99,118,90,90,165
avg_tree_edit_dist_adjacent,138.22727272727272,79.0,110.225,113.06818181818181,138.95,75.28125,59.86065573770492,75.00769230769231,78.65333333333334,94.625,75.3,88.63917525773196,88.36150234741784,87.23809523809524,66.55263157894737,106.80952380952381,67.07619047619048,66.88636363636364,59.40875912408759,45.8125,60.73076923076923,61.41025641025641,73.42857142857143,88.43103448275862,72.61538461538461,53.945454545454545,75.27272727272727,58.256410256410255,66.2280701754386,64.67692307692307,48.55555555555556,66.875,74.54430379746836,65.40298507462687,62.258620689655174,48.10738255033557,42.79081632653061,45.34090909090909,46.49411764705882,38.15625,41.63768115942029,43.88,37.957264957264954,41.864,37.0,59.48076923076923,35.01030927835052,46.05769230769231,56.0,53.735849056603776,42.54330708661417,47.624,34.08163265306123,40.34065934065934,42.018348623853214,34.78947368421053,42.69387755102041,45.256410256410255,51.02247191011236,35.06741573033708,38.359756097560975
avg_node_depth,12.68111254851229,9.061224489795919,12.248194014447884,9.795397489539749,15.44391785150079,8.917241379310346,8.083265747499324,8.590918346568927,9.365019011406844,9.509884678747941,8.926274509803921,8.512556804592203,9.877397558849172,9.657488986784141,8.572138352761323,9.52027027027027,8.889677771709449,8.907920154539601,7.663869693978282,8.358778625954198,8.479591836734693,7.918416801292407,11.272850372376439,10.160058737151248,7.607142857142857,7.58196974374807,9.157002188183807,8.080050558247313,8.805970149253731,8.466788404473865,7.677655677655678,8.534309240622141,9.34433800889497,10.286389910667367,10.325060532687651,7.226304579339723,7.156615661566157,7.477310525065336,7.612638687891944,7.177953534354918,7.329252577319588,7.5453125,7.3438985736925515,7.049619703006157,6.13459516298633,7.760233918128655,6.2610981308411215,7.244114002478315,8.688109161793372,8.330674401740392,7.079314040728832,7.693559322033899,6.292101341281669,6.729257641921397,6.711011051985264,6.118746564046179,6.437902879243661,6.998153618906942,7.800508259212198,6.229216152019003,6.655635648754915
max_node_depth,50,23,64,31,80,26,28,36,37,25,24,31,49,34,29,24,32,27,33,20,26,22,71,35,18,22,27,23,28,25,27,27,32,49,62,21,30,25,25,21,21,21,20,20,18,27,17,21,27,41,23,23,25,19,23,17,16,19,21,16,20
avg_node_clause_depth,2.4573091849935316,1.6598639455782314,1.826625386996904,2.0510460251046023,2.221169036334913,1.767816091954023,1.7201946472019465,1.7318265119120342,1.6536755386565272,1.9621087314662273,1.7349019607843137,1.801243721597704,2.0170008718395813,1.9377753303964758,1.7435505446206765,2.0219594594594597,1.7987438558164937,1.9133934320669672,1.6475814412635736,1.8091603053435115,2.0191326530612246,1.697092084006462,1.7610020311442112,2.0157856093979443,1.5525210084033614,1.5906143871565297,1.7303063457330417,1.6918053507478408,1.861473880597015,1.7331659438484364,1.5954415954415955,1.685269899359561,1.8258638385220665,2.088281660535996,1.8886198547215496,1.536741214057508,1.6003600360036003,1.4720836303159897,1.5108538350217078,1.6070192782995552,1.5908505154639174,1.63125,1.580824088748019,1.6551973922491852,1.3501577287066246,1.8317089018843404,1.5157710280373833,1.728624535315985,2.215399610136452,1.674401740391588,1.5809217577706323,1.7006779661016949,1.4597615499254843,1.5562227074235808,1.4858780188293081,1.4200109950522264,1.451654490760636,1.5790251107828657,1.8242270224481152,1.3159144893111638,1.552096985583224
max_node_clause_depth,8,4,6,6,9,5,6,6,4,5,6,7,8,6,5,5,6,6,9,4,5,5,6,9,4,5,5,5,5,6,6,5,7,7,5,6,5,4,5,5,5,5,6,5,4,5,5,6,6,5,5,6,6,6,5,5,4,6,5,4,5
avg_clause_length,55.31944444444444,30.8,40.84,45.280155642023345,64.78888888888889,40.62608695652174,32.24935732647815,36.5375,48.093333333333334,39.93805309734513,41.07339449541284,38.5,43.03128621089223,42.629629629629626,37.06471816283925,48.03508771929825,38.002941176470586,37.56,31.728506787330318,27.692307692307693,31.48076923076923,31.482993197278912,35.99315068493151,46.86425339366516,31.488888888888887,33.19397993311037,43.23741007194245,34.24835164835165,35.33777777777778,37.69230769230769,30.745247148288975,31.1231884057971,38.63368055555556,36.200934579439256,36.46060606060606,27.635955056179775,25.945075757575758,31.736986301369864,28.00873362445415,26.854166666666668,28.133757961783438,26.253164556962027,27.037735849056602,28.77854671280277,23.778846153846153,29.544444444444444,22.75598086124402,25.41065830721003,33.73517786561265,28.654545454545456,24.602857142857143,27.1994459833795,20.77545691906005,22.837606837606838,26.11740890688259,22.28828828828829,25.25461254612546,24.588785046728972,27.95945945945946,22.345,23.0
clauses_per_sent,6.260869565217392,3.75,4.2682926829268295,5.711111111111111,4.285714285714286,3.484848484848485,3.16260162601626,3.66412213740458,2.960526315789474,4.52,3.5161290322580645,4.510204081632653,4.0327102803738315,3.7674418604651163,3.130718954248366,5.181818181818182,3.207547169811321,3.3707865168539324,3.2028985507246377,3.0588235294117645,3.8518518518518516,3.675,3.395348837209302,3.7457627118644066,3.2142857142857144,2.6936936936936937,3.088888888888889,2.8980891719745223,3.8793103448275863,3.0763358778625953,2.63,4.181818181818182,3.6226415094339623,3.1470588235294117,2.7966101694915255,2.966666666666667,2.6802030456852792,2.062146892655367,2.6627906976744184,2.4742268041237114,2.242857142857143,3.0384615384615383,2.2457627118644066,2.2936507936507935,2.260869565217391,3.3962264150943398,2.13265306122449,3.038095238095238,3.6142857142857143,3.0555555555555554,2.734375,2.865079365079365,2.5878378378378377,2.5434782608695654,2.2454545454545456,2.3125,2.7373737373737375,2.7203389830508473,3.2888888888888888,2.2222222222222223,2.3454545454545452
sbars_per_sent,3.3043478260869565,2.25,1.9024390243902438,2.3333333333333335,1.5714285714285714,1.121212121212121,1.024390243902439,1.4045801526717556,1.0263157894736843,1.96,1.1290322580645162,1.5408163265306123,1.5186915887850467,1.302325581395349,1.0,1.5909090909090908,1.3867924528301887,1.1573033707865168,1.173913043478261,1.1764705882352942,1.4074074074074074,1.175,1.069767441860465,1.576271186440678,0.7142857142857143,0.8378378378378378,1.2666666666666666,0.9745222929936306,1.6896551724137931,0.9618320610687023,0.7,1.696969696969697,1.1886792452830188,1.0294117647058822,1.1355932203389831,0.6133333333333333,0.9035532994923858,0.672316384180791,0.813953488372093,0.6288659793814433,0.8428571428571429,1.1153846153846154,0.7372881355932204,0.5793650793650794,0.5434782608695652,1.0566037735849056,0.7346938775510204,1.0476190476190477,1.4,1.0555555555555556,0.828125,0.7619047619047619,0.7094594594594594,0.8478260869565217,0.5454545454545454,0.7083333333333334,0.7474747474747475,1.1016949152542372,1.3555555555555556,0.4111111111111111,0.7272727272727273
pronouns_per_sent,4.695652173913044,3.25,3.5365853658536586,4.7555555555555555,3.5714285714285716,2.8181818181818183,2.138211382113821,2.3587786259541983,2.026315789473684,3.76,3.161290322580645,3.2551020408163267,2.532710280373832,2.4651162790697674,2.241830065359477,3.6363636363636362,2.518867924528302,1.8202247191011236,1.7536231884057971,1.8235294117647058,1.4074074074074074,2.25,2.441860465116279,2.1864406779661016,1.7857142857142858,1.5405405405405406,2.2666666666666666,1.7006369426751593,3.0,1.7786259541984732,1.8,2.8181818181818183,1.79874213836478,2.1470588235294117,2.9661016949152543,1.8066666666666666,1.5126903553299493,1.497175141242938,1.8372093023255813,1.577319587628866,1.4857142857142858,2.576923076923077,1.4576271186440677,1.6587301587301588,1.6195652173913044,2.056603773584906,1.5918367346938775,1.9714285714285715,2.4,2.4444444444444446,2.0625,1.9047619047619047,1.5067567567567568,1.9130434782608696,1.7,1.8020833333333333,1.707070707070707,2.0338983050847457,2.433333333333333,1.788888888888889,1.9212121212121211
pronouns_per_clause,0.75,0.8666666666666667,0.8285714285714286,0.8326848249027238,0.8333333333333334,0.808695652173913,0.6760925449871465,0.64375,0.6844444444444444,0.831858407079646,0.8990825688073395,0.7217194570135747,0.6280417149478563,0.654320987654321,0.7160751565762005,0.7017543859649122,0.7852941176470588,0.54,0.5475113122171946,0.5961538461538461,0.36538461538461536,0.6122448979591837,0.7191780821917808,0.583710407239819,0.5555555555555556,0.5719063545150501,0.7338129496402878,0.5868131868131868,0.7733333333333333,0.5781637717121588,0.6844106463878327,0.6739130434782609,0.4965277777777778,0.6822429906542056,1.0606060606060606,0.6089887640449438,0.5643939393939394,0.726027397260274,0.6899563318777293,0.6375,0.6624203821656051,0.8481012658227848,0.6490566037735849,0.7231833910034602,0.7163461538461539,0.6055555555555555,0.7464114832535885,0.6489028213166145,0.6640316205533597,0.8,0.7542857142857143,0.6648199445983379,0.5822454308093995,0.7521367521367521,0.757085020242915,0.7792792792792793,0.6236162361623616,0.7476635514018691,0.7398648648648649,0.805,0.8191214470284238
pronoun_prop_of_leaf_nps,0.31486880466472306,0.35135135135135137,0.31385281385281383,0.3715277777777778,0.2697841726618705,0.3152542372881356,0.3207317073170732,0.2781278127812781,0.2,0.3443223443223443,0.3356164383561644,0.3426423200859291,0.24828218048557033,0.26044226044226043,0.29266211604095566,0.30303030303030304,0.33126550868486354,0.24107142857142858,0.2722159730033746,0.34065934065934067,0.2122905027932961,0.30405405405405406,0.28688524590163933,0.20941558441558442,0.25,0.22007722007722008,0.23129251700680273,0.24976613657623947,0.3411764705882353,0.23921971252566734,0.29900332225913623,0.36470588235294116,0.21519939804364183,0.3333333333333333,0.43640897755610975,0.288604898828541,0.28681424446583254,0.24491682070240295,0.3067961165048544,0.30297029702970296,0.27296587926509186,0.40606060606060607,0.2805872756933116,0.28907330567081607,0.3117154811715481,0.2970027247956403,0.34743875278396436,0.3344103392568659,0.33532934131736525,0.4217252396166134,0.38653001464128844,0.3256445047489824,0.3338323353293413,0.37130801687763715,0.313758389261745,0.35234215885947046,0.26825396825396824,0.3614457831325301,0.3680672268907563,0.3870192307692308,0.3937888198757764
avg_num_np_modifiers,5.101851851851852,4.111111111111111,7.4387895460797795,3.630434782608696,7.329670329670329,3.616252821670429,3.2985581000848176,3.7075413856529735,4.283458021612635,4.310185185185185,3.7755102040816326,3.721146953405018,3.944626376897886,4.059011164274322,3.874717832957111,3.5697115384615383,4.009630818619582,3.6159203980099504,2.9385474860335195,2.943548387096774,2.960159362549801,3.194508009153318,5.095602294455067,4.679918450560653,4.688741721854305,3.05726872246696,4.252906976744186,3.5217665615141955,3.8698979591836733,3.609640190088255,3.0820451843043997,3.886543535620053,4.1962890625,5.1321044546851,4.51423487544484,2.9230177059276365,2.9567275185936444,3.4705882352941178,3.429144385026738,3.173620457604307,3.1610017889087656,3.0495495495495497,3.096045197740113,2.9107485604606524,2.802941176470588,3.2928709055876686,2.5309882747068677,2.6801909307875893,2.9397417503586802,3.513953488372093,2.918259023354565,3.439842209072978,2.660958904109589,3.071090047393365,3.067146282973621,2.5895865237366005,2.597254004576659,3.0615384615384613,3.0469879518072287,2.8998211091234345,2.6352611940298507
parataxis_per_sent_strict,0.0,0.0,0.0975609756097561,0.6,0.3333333333333333,0.0,0.0975609756097561,0.15267175572519084,0.3157894736842105,0.0,0.1935483870967742,0.29591836734693877,0.06542056074766354,0.0,0.058823529411764705,0.09090909090909091,0.11320754716981132,0.0,0.043478260869565216,0.11764705882352941,0.14814814814814814,0.05,0.09302325581395349,0.0,0.14285714285714285,0.018018018018018018,0.08888888888888889,0.050955414012738856,0.034482758620689655,0.07633587786259542,0.1,0.06060606060606061,0.025157232704402517,0.10294117647058823,0.03389830508474576,0.25333333333333335,0.1116751269035533,0.06779661016949153,0.20930232558139536,0.14432989690721648,0.0,0.23076923076923078,0.01694915254237288,0.047619047619047616,0.13043478260869565,0.18867924528301888,0.02040816326530612,0.0761904761904762,0.02857142857142857,0.09259259259259259,0.1484375,0.1746031746031746,0.16891891891891891,0.021739130434782608,0.03636363636363636,0.1875,0.12121212121212122,0.059322033898305086,0.08888888888888889,0.17777777777777778,0.18181818181818182
parataxis_per_sent_loose,0.6521739130434783,0.0,0.4634146341463415,1.3555555555555556,0.5714285714285714,0.5151515151515151,0.5203252032520326,0.5572519083969466,0.4473684210526316,0.28,0.45161290322580644,1.0408163265306123,0.514018691588785,0.5348837209302325,0.477124183006536,1.0454545454545454,0.3867924528301887,0.42696629213483145,0.5362318840579711,0.35294117647058826,0.7407407407407407,0.675,0.46511627906976744,0.3559322033898305,0.6428571428571429,0.36936936936936937,0.4444444444444444,0.4012738853503185,0.41379310344827586,0.6335877862595419,0.53,0.9696969696969697,0.4968553459119497,0.36764705882352944,0.2542372881355932,0.76,0.26903553299492383,0.1807909604519774,0.4418604651162791,0.29896907216494845,0.11428571428571428,0.5769230769230769,0.07627118644067797,0.23809523809523808,0.3804347826086957,0.3018867924528302,0.15306122448979592,0.20952380952380953,0.18571428571428572,0.6481481481481481,0.375,0.5158730158730159,0.5,0.29347826086956524,0.19090909090909092,0.34375,0.6161616161616161,0.3305084745762712,0.4222222222222222,0.5111111111111111,0.34545454545454546
num_unk,2,0,0,0,1,0,0,0,2,2,3,2,30,4,50,4,8,20,52,0,4,0,0,4,0,8,5,2,0,10,12,0,4,2,0,2,0,2,0,8,2,5,0,0,0,3,6,11,2,5,20,3,4,2,4,4,6,4,0,2,16
num_words,1434,135,1732,2168,1177,1211,3380,4479,2917,1128,1177,3846,8468,1680,4815,1091,3348,2836,3639,361,705,1132,1341,2490,433,2991,1690,4401,2028,3981,2225,991,5444,1712,1530,3351,4058,3859,1890,1826,1364,563,2284,2476,1664,1371,1512,2137,1861,1234,2453,2597,2344,1613,2174,1602,2086,2414,2131,1469,2586
avg_dependency_distance,3.5564853556485354,3.066666666666667,3.712471131639723,3.1983394833948338,3.602378929481733,2.7489677952105698,2.6928994082840236,2.981245813797723,2.9187521426122727,2.905141843971631,2.7068819031435853,2.9430577223088923,3.0611714690599907,2.8666666666666667,2.711318795430945,3.2630614115490375,2.8635005973715653,2.8469675599435824,2.937895026106073,2.260387811634349,3.0368794326241133,2.7491166077738516,2.722595078299776,3.144578313253012,2.7829099307159355,2.5650284185891006,2.891715976331361,2.677573278800273,2.5961538461538463,2.839989952273298,2.519550561797753,2.772956609485368,2.8378030859662013,2.7330607476635516,2.6065359477124184,2.628767532079976,2.3479546574667323,2.303964757709251,2.4153439153439153,2.264512595837897,2.4288856304985336,2.5541740674955595,2.1930823117338005,2.3432956381260097,2.3545673076923075,2.6564551422319473,2.2625661375661377,2.3743565746373423,2.722192369693713,2.6928687196110213,2.327354260089686,2.4559106661532537,2.335750853242321,2.4054556726596403,2.395584176632935,2.1953807740324596,2.4328859060402683,2.531897265948633,2.557954012200845,2.4486044928522803,2.379350348027842
max_dependency_distance,82,46,167,100,289,38,82,72,64,54,38,53,120,63,57,76,64,46,112,21,63,41,160,76,59,56,56,70,48,85,55,55,64,104,53,50,53,48,37,22,31,31,30,35,35,33,41,46,60,78,39,67,51,70,42,28,44,41,65,35,31
avg_sentence_length_by_tok,67.21739130434783,36.75,47.26829268292683,53.111111111111114,60.285714285714285,39.54545454545455,30.073170731707318,37.48854961832061,41.526315789473685,48.56,41.12903225806452,42.66326530612245,42.87850467289719,42.23255813953488,34.20261437908497,53.81818181818182,34.54716981132076,34.89887640449438,29.36231884057971,23.11764705882353,29.037037037037038,30.95,34.348837209302324,46.16949152542373,34.0,29.18018018018018,40.62222222222222,30.235668789808916,36.96551724137931,33.44274809160305,24.57,33.121212121212125,36.76729559748428,27.985294117647058,28.0,25.04,22.558375634517766,23.779661016949152,24.1046511627907,20.855670103092784,22.17142857142857,24.615384615384617,21.389830508474578,21.91269841269841,20.67391304347826,29.037735849056602,17.46938775510204,23.057142857142857,29.314285714285713,25.537037037037038,21.8671875,23.41269841269841,18.135135135135137,19.91304347826087,22.20909090909091,18.947916666666668,23.505050505050505,22.949152542372882,26.233333333333334,18.711111111111112,18.496969696969696
avg_sentence_length_by_word,62.34782608695652,33.75,42.24390243902439,48.17777777777778,56.04761904761905,36.696969696969695,27.479674796747968,34.19083969465649,38.38157894736842,45.12,37.96774193548387,39.244897959183675,39.570093457943926,39.06976744186046,31.470588235294116,49.59090909090909,31.58490566037736,31.865168539325843,26.369565217391305,21.235294117647058,26.11111111111111,28.3,31.186046511627907,42.20338983050848,30.928571428571427,26.945945945945947,37.55555555555556,28.03184713375796,34.96551724137931,30.389312977099237,22.25,30.03030303030303,34.23899371069182,25.176470588235293,25.93220338983051,22.34,20.598984771573605,21.80225988700565,21.976744186046513,18.824742268041238,19.485714285714284,21.653846153846153,19.35593220338983,19.650793650793652,18.08695652173913,25.867924528301888,15.428571428571429,20.35238095238095,26.585714285714285,22.85185185185185,19.1640625,20.61111111111111,15.837837837837839,17.532608695652176,19.763636363636362,16.6875,21.07070707070707,20.45762711864407,23.677777777777777,16.322222222222223,15.672727272727272
avg_words_before_root,13.478260869565217,16.5,10.585365853658537,17.4,30.761904761904763,7.242424242424242,7.975609756097561,11.251908396946565,15.855263157894736,15.56,10.193548387096774,12.53061224489796,11.509345794392523,11.906976744186046,8.84967320261438,11.0,8.415094339622641,7.078651685393258,8.253623188405797,6.235294117647059,12.0,8.05,6.604651162790698,13.016949152542374,12.0,7.306306306306307,9.933333333333334,7.649681528662421,10.413793103448276,6.67175572519084,5.78,7.03030303030303,7.9245283018867925,4.264705882352941,6.1525423728813555,6.133333333333334,6.269035532994923,5.576271186440678,5.848837209302325,5.350515463917525,5.3428571428571425,6.423076923076923,4.5,5.484126984126984,6.032608695652174,6.264150943396227,4.979591836734694,5.895238095238096,5.9714285714285715,6.518518518518518,5.2421875,5.476190476190476,4.77027027027027,6.065217391304348,5.4,4.666666666666667,6.484848484848484,5.898305084745763,5.3,4.7444444444444445,4.430303030303031
num_uniq_words,593,90,676,776,521,516,973,1184,948,499,470,1246,1793,647,1248,481,1112,887,999,168,325,460,513,795,242,957,643,1287,793,1175,803,382,1363,621,519,1116,1150,1051,709,675,489,257,731,843,581,526,522,693,512,489,834,851,741,592,706,585,716,882,769,530,742
proportion_uniq,0.4158485273492286,0.6666666666666666,0.3930232558139535,0.358264081255771,0.44265080713678845,0.4267990074441687,0.28855278766310793,0.2660674157303371,0.32768752160387143,0.4427684117125111,0.40102389078498296,0.32507174536916256,0.2129200807505047,0.3862686567164179,0.2608150470219436,0.44087992667277726,0.3330338424678047,0.3132062146892655,0.2765015222806532,0.46537396121883656,0.46965317919075145,0.4110813226094727,0.38687782805429866,0.320952765442067,0.5627906976744186,0.32222222222222224,0.3809241706161137,0.2936344969199179,0.3912185495806611,0.296867104598282,0.36334841628959275,0.38585858585858585,0.2513832534120251,0.36422287390029323,0.3401048492791612,0.3338318875261741,0.28451261751608115,0.2740547588005215,0.3769271664008506,0.3739612188365651,0.3614190687361419,0.4589285714285714,0.3217429577464789,0.3428222854819032,0.350210970464135,0.38676470588235295,0.34776815456362425,0.3275047258979206,0.27720628045479156,0.3982084690553746,0.3419434194341943,0.3325517780382962,0.31748071979434445,0.36793039154754503,0.32898415657036345,0.365625,0.34539315002411963,0.36612702366127026,0.36290703161868804,0.364762560220234,0.2896174863387978
stop_words_per_clause,5.923611111111111,5.266666666666667,5.765714285714286,4.926070038910506,7.766666666666667,6.173913043478261,5.120822622107969,5.55625,7.44,5.646017699115045,6.339449541284404,4.923076923076923,5.9837775202781,5.969135802469136,5.810020876826722,5.298245614035087,5.673529411764706,5.3933333333333335,5.029411764705882,4.25,4.0576923076923075,4.537414965986395,5.527397260273973,6.339366515837104,5.022222222222222,5.632107023411371,6.76978417266187,5.476923076923077,4.942222222222222,5.66501240694789,4.79467680608365,4.413043478260869,5.407986111111111,4.714953271028038,5.8,4.0292134831460675,4.526515151515151,5.953424657534247,4.615720524017467,4.2125,5.146496815286624,4.227848101265823,4.645283018867924,4.71280276816609,4.610576923076923,4.216666666666667,4.444976076555024,3.9310344827586206,4.355731225296442,4.36969696969697,4.1571428571428575,4.03601108033241,3.626631853785901,4.0,4.939271255060729,4.112612612612613,4.217712177121771,4.311526479750778,4.128378378378378,4.23,4.043927648578811
stop_words_per_sentence,37.08695652173913,19.75,24.609756097560975,28.133333333333333,33.285714285714285,21.515151515151516,16.195121951219512,20.358778625954198,22.026315789473685,25.52,22.29032258064516,22.20408163265306,24.130841121495326,22.488372093023255,18.18954248366013,27.454545454545453,18.19811320754717,18.179775280898877,16.108695652173914,13.0,15.62962962962963,16.675,18.767441860465116,23.74576271186441,16.142857142857142,15.17117117117117,20.91111111111111,15.872611464968152,19.17241379310345,17.427480916030536,12.61,18.454545454545453,19.59119496855346,14.838235294117647,16.220338983050848,11.953333333333333,12.131979695431472,12.27683615819209,12.290697674418604,10.422680412371134,11.542857142857143,12.846153846153847,10.432203389830509,10.80952380952381,10.423913043478262,14.320754716981131,9.479591836734693,11.942857142857143,15.742857142857142,13.351851851851851,11.3671875,11.563492063492063,9.385135135135135,10.173913043478262,11.090909090909092,9.510416666666666,11.545454545454545,11.728813559322035,13.577777777777778,9.4,9.484848484848484
avg_aoa_max,6.20109134425037,6.050308873015872,5.986808925311219,6.088372566218814,6.196486072183107,6.120732086844383,6.051201401843313,6.0595452367864215,6.234335088464258,6.314178898630154,6.025178012422376,6.180949103991301,6.0264990897277535,6.111120590482171,6.1375857203481585,6.249187390684426,6.115106975435307,6.086199347283422,5.946204333712334,5.768395176638174,5.837166236686396,5.978910920256655,5.803908741711656,6.099673800334187,6.305499002398087,6.028332204166675,6.218924224201478,6.082498048536722,6.307974928128253,6.175375555263766,6.147110128802297,5.672953801470597,6.126732009338583,5.707475243682312,5.659198350335575,6.156487585040315,5.999655592820504,6.1322474046975595,5.84600723993472,5.823587844682063,5.550293996124052,5.490553759191178,5.961833612844867,5.80907573447987,5.611868266169163,5.659250574324348,5.378993562078277,5.365388573896362,5.452521279684868,5.698097115059224,5.626063774851345,5.572882515480517,5.235678879120893,5.548428602855296,5.4988742153772785,5.674864134627829,5.722956435884694,5.59734616923079,5.730052699466795,5.498908461538461,5.328639369731048
avg_aoa_uniq_max,8.117487323792481,6.915938049382718,7.635300657407411,7.799638192572216,8.045222748490952,7.849157997979798,8.050077591703053,8.205157286235186,8.324292439106147,8.178635934599155,7.621755304545453,8.226514832898182,8.33132504394942,7.867756770000004,8.25668833623693,7.945111710176996,8.118786981677918,7.864188230303032,7.854583900321551,6.911736512499999,6.992965262458471,7.560835260273963,7.2810488299180305,7.8774077192982475,7.646876185840705,7.750348363134656,8.006973543046351,8.032556857262804,8.299662377537212,8.184379460550453,7.881121227091635,6.871514336158192,8.065130604361388,7.174339010135142,7.050389288306447,8.00562530695901,8.029419591288226,8.040238393574285,7.4312145832084004,7.18414211265431,6.996312206208421,6.350189735537189,7.463020906976749,7.498866021656052,6.929051661764703,6.9161051952191235,6.448837527667985,6.751064959276016,6.786597993736954,7.1227020505494565,7.073280634366926,6.879619525529275,6.52102641880342,6.813878670212764,6.848512320058992,6.905818638640427,7.142441425438597,6.986612671021378,7.1262707129251694,6.503500078313253,6.644734505747135
avg_stopless_aoa_max,8.616686620000003,8.5754675,7.9459208616262496,8.13219773364486,8.648002701525062,8.388003177083338,8.13995526228268,8.279893673822297,8.557692253153911,8.650704429487176,8.180284434589804,8.370111858508603,8.300542257033236,8.34327145945947,8.366796872688843,8.492734593952491,8.273302053851891,8.073936680869569,8.10771669826936,7.836499619402985,7.564817240601497,8.033681824719087,7.809639580708665,8.173999458536576,8.331996678571429,7.914049621794866,8.436654630617967,8.067299964265752,8.51508762470862,8.31798096670852,8.212019596864504,7.2731795153203365,8.261212600719409,7.32725722026432,7.41433373770491,8.084625661224479,8.072113634408577,8.200155883866913,7.585590721518978,7.401803429118777,7.133447909626712,6.784771525581393,7.614889693693708,7.404850370441457,6.998987391566261,7.073291186963979,6.675818181172291,6.613546289940827,6.848207093795097,7.403502287526432,7.253582416396976,6.9765414929577565,6.336575349557523,7.049467494399998,6.807344044543423,7.188518111111102,7.218378760181007,6.988113257113817,7.278801479020981,6.633388059245963,6.694796243876479
avg_stopless_aoa_uniq_max,8.83681184494382,8.522199468085107,8.231237614942527,8.345264789297664,8.822100140306125,8.531787566416043,8.539532704896896,8.661103019067793,8.845341664921463,8.854345795336789,8.46521613981763,8.648848433299898,8.682300685347737,8.536758322245328,8.693825962075836,8.677971823204423,8.590320116853933,8.357485533527694,8.396028919480523,8.052717609523807,7.851176059405941,8.302754895833324,7.953891342318058,8.393387959481364,8.535137105263157,8.169709409090908,8.637695791999995,8.43595906647399,8.845906228571428,8.623755118085096,8.414852533333331,7.504663356862741,8.480671042895453,7.723482666666665,7.670390131367287,8.441013611842108,8.49530584838709,8.45291482122259,7.937709058394156,7.690782238920997,7.570183971264367,6.9390580718562855,7.965778271604934,7.919487968421044,7.364231229885059,7.4391790051282065,6.916591171503955,7.1516528584730015,7.386922865384619,7.780675466666673,7.550402655448722,7.276958702579674,6.925884441391937,7.321508571100922,7.300580016513756,7.427881344827585,7.5593751929824515,7.356808550070516,7.570360865894044,6.9308112384615415,7.083965531760441
avg_word_freq,6791.014007567937,8143.48902546093,6758.261282200294,6195.081098112309,7068.1090236265045,6496.10058611286,6550.070250770961,6396.639563133612,7142.021614038022,7154.225797391443,6752.905741216776,6210.949316059162,7077.328868319413,7163.136417766171,6512.0541406909515,7373.786685495972,6302.44214595971,6508.819478835088,6741.697522335856,7699.860239651415,6247.103977591044,6868.0408699891905,7140.593934561759,7079.666706198667,6709.252986776112,6848.319043095105,7143.093353431993,6281.725122436921,6479.2249261885945,6459.825355123193,6392.214892326393,5895.82669132561,6896.589370408954,5994.214232131929,6336.540089430268,5831.956781389692,6080.280145968431,6406.933739718884,6410.21489150328,6002.874715065103,6961.038823238696,6289.0333720561875,5947.0753649477665,6199.770147600628,5948.33321492848,5951.64947032984,6334.997796725048,6259.7918181902605,5821.972166062273,5841.77841046179,6225.930838530864,5794.231573931049,6544.5538981550235,5736.472485373666,5780.810612699479,5674.191442276766,6144.842057924102,5885.695190142888,5626.20802739702,5566.126890177142,6454.363047592485
avg_word_freq_uniq,835.0980727333671,2832.0169640890063,807.5322381204743,706.4157894736837,857.6130592042642,860.7724560179801,510.1850337645432,465.8645749395629,551.2759920382833,812.3901519708071,1019.9014503849261,426.92926770708203,350.2695183096061,826.8291538485441,418.2828970668727,953.783153007503,513.2612409347284,579.4671306520336,579.7066802305866,2234.8218856404833,1252.3639895586723,984.8678414096919,925.6083856467495,649.9397314198866,1343.430141931251,546.2317177135958,782.3694823901109,419.0839296224016,586.0023499090358,429.75354475410086,641.5396018636168,999.0170593436304,408.3557921684997,818.2390747148547,1022.929814561484,522.0400907175251,468.1800685155533,511.7972285067866,729.6448957806614,807.9375312343841,1009.0066308681149,1713.4989192527416,730.266851338874,605.3796361918261,849.3951369839814,972.8775540809067,1053.7329706449061,791.3341646600162,1051.5353793691404,1062.5813339828694,727.2200328407222,697.8502801120451,833.0494774833,919.9418400185797,727.5754427126968,917.372718344679,742.1605030197736,647.3077267436652,720.9182920536634,1004.7671708683479,834.904557133199
avg_word_freq_stopless,94.66447278211987,78.10053475935828,185.01345636293743,124.50747229809231,85.9045779328681,98.96633521025521,101.54103702438874,106.46099899813943,69.82246865959505,79.7287649924271,124.00086505190303,95.72867691649112,101.11687021245827,139.45923484336265,91.34115077482602,101.25739899300018,138.6211669535765,111.54897103350027,138.2374852519808,232.24845938375347,223.97844527882077,130.89684569479974,150.44489519945895,102.75658289265658,99.74653979238755,115.28065531876055,135.38346581875987,119.51937887681638,113.15734418767526,117.62383286647984,109.51866716835983,201.27923021060283,106.6094735858829,229.80856997971622,192.52185707908393,157.75951444821942,142.86272141706922,108.72377539676913,147.33053562888574,193.05950469517865,291.04259139553267,210.45728291316513,161.09564939219456,196.11581723265718,219.79634136108064,248.27331852281145,265.63205662230354,301.7867422198236,320.02705619160395,213.19365674556678,206.91359289617466,224.36136957016942,348.81261994159377,231.2060273813668,244.0545727323877,191.22025091149203,195.93902566351358,206.50211795373085,179.6300275121185,243.97930814602233,319.2518223989395
avg_word_freq_stopless_uniq,76.63835837365254,75.29638009049772,122.2247728359637,96.62165058949633,82.53609403960587,94.73041654472739,69.24236065890078,58.91338567299441,49.026756018863324,60.811218664681085,85.77020287883947,65.23341087847571,62.975775594946896,116.14006159123687,62.400132934529815,79.90924221147345,78.31630930799538,73.71273166800977,79.03563301863954,218.5039745627981,146.52239611440905,118.96996844714899,112.382788102186,79.05619320899093,64.75232774674117,76.42970379641231,85.13534285607172,72.4785344781612,70.77568152828454,70.06630624277683,81.05735668313133,157.41377576671704,68.70035665846193,155.17216741769175,144.57590458863962,85.09164714103667,84.64160220663179,80.4458341476127,107.39746732026146,118.95486149431635,148.52688850339067,192.5676247771835,113.42292203076535,97.38222778473082,150.60189753320688,144.80541138023835,164.81630280978362,135.28296878318116,144.3943355119825,153.78617860187552,129.7871532759444,132.25839727195228,177.6179055101829,148.19028618011757,135.42065826330523,127.95261075605418,125.80183844195363,111.20376150460184,110.8740344622697,175.27161373023796,167.153029377841
